[
  {
    "name": "theme_info",
    "theme_name": "Molton brown UAE",
    "theme_author": "Chalhoub Developer",
    "theme_version": "1.0.0",
    "theme_support_email": "mohammed.thahir@chalhoub.com",
    "theme_documentation_url": "https://www.chalhoub.com/engineering/shopify"
  },
  {
    "name": "Private Sale",
    "settings": [
      {
        "id": "is_privatesale",
        "type": "checkbox",
        "label": "Enable Private sale"
      },
      {
        "type": "color",
        "id": "heading_color",
        "label": "Banner title color",
        "default": "#ffffff"
      },
      {
        "type": "color",
        "id": "para_color",
        "label": "Banner content color",
        "default": "#ffffff"
      },
      {
        "id": "privatesale_couponcode",
        "type": "text",
        "label": "Coupon code"
      },
      {
        "type": "header",
        "content": "Sale Banner"
      },
      {
        "id": "privatesale_desktop_banner",
        "type": "image_picker",
        "label": "Desktop banner"
      },
      {
        "id": "privatesale_desktop_banner_width",
        "type": "number",
        "label": "Desktop banner width",
        "default": 1000
      },
      {
        "id": "privatesale_desktop_banner_height",
        "type": "number",
        "label": "Desktop banner height",
        "default": 346
      },
      {
        "id": "privatesale_mobile_banner",
        "type": "image_picker",
        "label": "Mobile banner"
      },
      {
        "id": "privatesale_mobile_banner_width",
        "type": "number",
        "label": "Mobile banner width"
      },
      {
        "id": "privatesale_mobile_banner_height",
        "type": "number",
        "label": "Mobile banner height"
      },
      {
        "type": "header",
        "content": "Sale Info"
      },
      {
        "id": "privatesale_content_background",
        "type": "color_background",
        "label": "Sale Info Background"
      },
      {
        "type": "header",
        "content": "Sale Info English"
      },
      {
        "id": "privatesale_title",
        "type": "text",
        "label": "Title"
      },
      {
        "id": "privatesale_subtitle",
        "type": "text",
        "label": "Subtitle"
      },
      {
        "id": "privatesale_button_label",
        "type": "text",
        "label": "CTA Button Text"
      },
      {
        "id": "privatesale_button_url",
        "type": "url",
        "label": "Button link"
      },
      {
        "type": "header",
        "content": "Sale Info Arabic"
      },
      {
        "id": "privatesale_title_ar",
        "type": "text",
        "label": "Title"
      },
      {
        "id": "privatesale_subtitle_ar",
        "type": "text",
        "label": "Subtitle"
      },
      {
        "id": "privatesale_button_label_ar",
        "type": "text",
        "label": "CTA Button Text"
      },
      {
        "type": "header",
        "content": "Sale Welcome Banner"
      },
      {
        "id": "privatesale_welcome_desktop_banner",
        "type": "image_picker",
        "label": "Desktop banner"
      },
      {
        "id": "privatesale_welcome_desktop_banner_width",
        "type": "number",
        "label": "Desktop banner width",
        "default": 1000
      },
      {
        "id": "privatesale_welcome_desktop_banner_height",
        "type": "number",
        "label": "Desktop banner height",
        "default": 346
      },
      {
        "id": "privatesale_welcome_mobile_banner",
        "type": "image_picker",
        "label": "Mobile banner"
      },
      {
        "id": "privatesale_welcome_mobile_banner_width",
        "type": "number",
        "label": "Mobile banner width"
      },
      {
        "id": "privatesale_welcome_mobile_banner_height",
        "type": "number",
        "label": "Mobile banner height"
      },
      {
        "type": "header",
        "content": "Sale Welcome Info"
      },
      {
        "id": "privatesale_welcome_content_background",
        "type": "color_background",
        "label": "Sale Welcome Info Background"
      },
      {
        "type": "header",
        "content": "Sale Welcome Info English"
      },
      {
        "id": "privatesale_welcome_title",
        "type": "text",
        "label": "Title"
      },
      {
        "id": "privatesale_welcome_subtitle",
        "type": "text",
        "label": "Subtitle"
      },
      {
        "id": "privatesale_welcome_button_label",
        "type": "text",
        "label": "CTA Button Text"
      },
      {
        "id": "privatesale_welcome_button_url",
        "type": "url",
        "label": "Button link"
      },
      {
        "type": "header",
        "content": "Sale Welcome Info Arabic"
      },
      {
        "id": "privatesale_welcome_title_ar",
        "type": "text",
        "label": "Title"
      },
      {
        "id": "privatesale_welcome_subtitle_ar",
        "type": "text",
        "label": "Subtitle"
      },
      {
        "id": "privatesale_welcome_button_label_ar",
        "type": "text",
        "label": "CTA Button Text"
      }
    ]
  }
]


